https://i.redd.it/4m5yk8gjrtzy.jpg, 1, 1, 1
http://i.imgur.com/TKLs9lo.jpg, ff, ff, ff
http://i.imgur.com/FApqk3D.jpg, ff, ff, ff
https://i.redd.it/xae65ypfqycy.jpg, f4, f4, f4
https://i.redd.it/1nlgrn49x7ry.jpg, f, f, f
http://i.imgur.com/lcEUZHv.jpg, ff, ff, ff
https://i.redd.it/s5viyluv421z.jpg, f5, ee, dc
https://i.redd.it/w5q6gldnvcuy.jpg, f3, f3, f3
https://i.redd.it/h5t3qddvvzry.jpg, e, e, e
http://i.imgur.com/M3NOzLC.jpg, ff, ff, ff
http://i.imgur.com/sXhEQez.jpg, ff, ff, ff
https://i.redd.it/cwljeujku33z.jpg, e9, e6, df
https://i.redd.it/fsuv32a1cc9y.jpg, ff, ff, ff
https://i.redd.it/d8021b5i2moy.jpg, ff, ff, ff
http://i.imgur.com/tyDhTll.jpg, 7, 7, 5
http://i.imgur.com/puEqa4C.jpg, 90, 8e, 9c
https://i.redd.it/ihczg3pmle3z.jpg, b0, b9, a8
https://i.redd.it/cpkq97klre4z.jpg, 77, 78, 68
https://i.redd.it/ftd3sx5ah13z.jpg, fd, fe, ff
http://i.imgur.com/RycdbMO.jpg, f0, f7, ff
https://i.redd.it/n9jq5j2tatcy.jpg, f3, ff, ff
https://i.redd.it/7ofdqmp53bzy.jpg, 97, 8a, 6a
https://i.redd.it/sn7ufk9fsv4z.jpg, cc, d1, d7
http://i.imgur.com/pt9rmrv.jpg, ff, ff, ff
http://i.imgur.com/6pnYQUv.jpg, 19, 1a, 1e
https://i.redd.it/rubsfuf64lvy.jpg, bb, b4, a2
https://i.redd.it/0qow2dksb34z.jpg, ff, ff, ff
https://i.redd.it/ru12lvaf7jyy.jpg, 9d, 99, 96
https://i.redd.it/c5pk0vnpg3ty.jpg, 6e, 81, cd
https://i.imgur.com/HRgRMOw.jpg, a4, a3, a8
https://i.redd.it/nrafqoujmety.jpg, 23, 21, 24
http://i.imgur.com/qvnjbVw.jpg, a9, ac, b5
https://i.redd.it/ax4eueu0szpy.jpg, 22, 27, 3a
http://i.imgur.com/enhDnTM.jpg, ff, ff, ff
https://i.redd.it/tb5pckm6e72y.jpg, b8, b6, aa
https://i.redd.it/guul6eld2soy.jpg, 6b, 7b, 94
https://i.redd.it/fyqzavufvjwy.jpg, dc, b0, 83
http://i.imgur.com/FApqk3D.jpg, ff, ff, ff
http://i.imgur.com/TKLs9lo.jpg, ff, ff, ff
http://i.imgur.com/Gh2I3pq.jpg, c7, b0, 9e
https://i.redd.it/4m5yk8gjrtzy.jpg, 1, 1, 1
https://i.redd.it/m4cfqp8wfv5z.jpg, da, da, dc
http://i.imgur.com/lcEUZHv.jpg, ff, ff, ff
https://i.redd.it/1nlgrn49x7ry.jpg, f, f, f
https://i.redd.it/xae65ypfqycy.jpg, f4, f4, f4
https://i.redd.it/w5q6gldnvcuy.jpg, f3, f3, f3
https://i.redd.it/s5viyluv421z.jpg, f5, ee, dc
http://i.imgur.com/M3NOzLC.jpg, ff, ff, ff
https://i.redd.it/lsuw4p2ncyny.jpg, ff, ff, ff
https://i.redd.it/h5t3qddvvzry.jpg, e, e, e
http://i.imgur.com/sXhEQez.jpg, ff, ff, ff
https://i.redd.it/cwljeujku33z.jpg, e9, e6, df
https://i.redd.it/d8021b5i2moy.jpg, ff, ff, ff
https://i.redd.it/fsuv32a1cc9y.jpg, ff, ff, ff
http://i.imgur.com/tyDhTll.jpg, 7, 7, 5
http://i.imgur.com/puEqa4C.jpg, 90, 8e, 9c
https://i.redd.it/ihczg3pmle3z.jpg, b0, b9, a8
https://i.redd.it/cpkq97klre4z.jpg, 77, 78, 68
http://i.imgur.com/RycdbMO.jpg, f0, f7, ff
https://i.redd.it/ftd3sx5ah13z.jpg, fd, fe, ff
https://i.redd.it/7ofdqmp53bzy.jpg, 97, 8a, 6a
https://i.redd.it/sn7ufk9fsv4z.jpg, cc, d1, d7
https://i.redd.it/n9jq5j2tatcy.jpg, f3, ff, ff
http://i.imgur.com/pt9rmrv.jpg, ff, ff, ff
http://i.imgur.com/6pnYQUv.jpg, 19, 1a, 1e
https://i.redd.it/rubsfuf64lvy.jpg, bb, b4, a2
https://i.redd.it/0qow2dksb34z.jpg, ff, ff, ff
https://i.imgur.com/HRgRMOw.jpg, a4, a3, a8
https://i.redd.it/c5pk0vnpg3ty.jpg, 6e, 81, cd
https://i.redd.it/nrafqoujmety.jpg, 23, 21, 24
https://i.redd.it/ru12lvaf7jyy.jpg, 9d, 99, 96
https://i.redd.it/ax4eueu0szpy.jpg, 22, 27, 3a
http://i.imgur.com/qvnjbVw.jpg, a9, ac, b5
http://i.imgur.com/enhDnTM.jpg, ff, ff, ff
https://i.redd.it/tb5pckm6e72y.jpg, b8, b6, aa
https://i.redd.it/guul6eld2soy.jpg, 6b, 7b, 94
https://i.redd.it/fyqzavufvjwy.jpg, dc, b0, 83
http://i.imgur.com/FApqk3D.jpg, ff, ff, ff
http://i.imgur.com/TKLs9lo.jpg, ff, ff, ff
http://i.imgur.com/Gh2I3pq.jpg, c7, b0, 9e
https://i.redd.it/4m5yk8gjrtzy.jpg, 1, 1, 1
https://i.redd.it/m4cfqp8wfv5z.jpg, da, da, dc
http://i.imgur.com/lcEUZHv.jpg, ff, ff, ff
https://i.redd.it/1nlgrn49x7ry.jpg, f, f, f
https://i.redd.it/xae65ypfqycy.jpg, f4, f4, f4
https://i.redd.it/w5q6gldnvcuy.jpg, f3, f3, f3
https://i.redd.it/lsuw4p2ncyny.jpg, ff, ff, ff
https://i.redd.it/s5viyluv421z.jpg, f5, ee, dc
http://i.imgur.com/M3NOzLC.jpg, ff, ff, ff
https://i.redd.it/h5t3qddvvzry.jpg, e, e, e
http://i.imgur.com/sXhEQez.jpg, ff, ff, ff
https://i.redd.it/cwljeujku33z.jpg, e9, e6, df
https://i.redd.it/d8021b5i2moy.jpg, ff, ff, ff
https://i.redd.it/fsuv32a1cc9y.jpg, ff, ff, ff
http://i.imgur.com/tyDhTll.jpg, 7, 7, 5
http://i.imgur.com/puEqa4C.jpg, 90, 8e, 9c
https://i.redd.it/ihczg3pmle3z.jpg, b0, b9, a8
https://i.redd.it/cpkq97klre4z.jpg, 77, 78, 68
http://i.imgur.com/RycdbMO.jpg, f0, f7, ff
https://i.redd.it/ftd3sx5ah13z.jpg, fd, fe, ff
https://i.redd.it/7ofdqmp53bzy.jpg, 97, 8a, 6a
https://i.redd.it/sn7ufk9fsv4z.jpg, cc, d1, d7
https://i.redd.it/n9jq5j2tatcy.jpg, f3, ff, ff
http://i.imgur.com/pt9rmrv.jpg, ff, ff, ff
http://i.imgur.com/6pnYQUv.jpg, 19, 1a, 1e
https://i.redd.it/rubsfuf64lvy.jpg, bb, b4, a2
https://i.redd.it/0qow2dksb34z.jpg, ff, ff, ff
https://i.redd.it/ru12lvaf7jyy.jpg, 9d, 99, 96
https://i.imgur.com/HRgRMOw.jpg, a4, a3, a8
https://i.redd.it/c5pk0vnpg3ty.jpg, 6e, 81, cd
https://i.redd.it/nrafqoujmety.jpg, 23, 21, 24
https://i.redd.it/ax4eueu0szpy.jpg, 22, 27, 3a
http://i.imgur.com/qvnjbVw.jpg, a9, ac, b5
https://i.redd.it/guul6eld2soy.jpg, 6b, 7b, 94
http://i.imgur.com/enhDnTM.jpg, ff, ff, ff
https://i.redd.it/tb5pckm6e72y.jpg, b8, b6, aa
https://i.redd.it/fyqzavufvjwy.jpg, dc, b0, 83
http://i.imgur.com/FApqk3D.jpg, ff, ff, ff
http://i.imgur.com/TKLs9lo.jpg, ff, ff, ff
http://i.imgur.com/Gh2I3pq.jpg, c7, b0, 9e
https://i.redd.it/m4cfqp8wfv5z.jpg, da, da, dc
https://i.redd.it/4m5yk8gjrtzy.jpg, 1, 1, 1
http://i.imgur.com/lcEUZHv.jpg, ff, ff, ff
https://i.redd.it/1nlgrn49x7ry.jpg, f, f, f
https://i.redd.it/xae65ypfqycy.jpg, f4, f4, f4
https://i.redd.it/w5q6gldnvcuy.jpg, f3, f3, f3
https://i.redd.it/s5viyluv421z.jpg, f5, ee, dc
https://i.redd.it/h5t3qddvvzry.jpg, e, e, e
https://i.redd.it/lsuw4p2ncyny.jpg, ff, ff, ff
http://i.imgur.com/M3NOzLC.jpg, ff, ff, ff
http://i.imgur.com/sXhEQez.jpg, ff, ff, ff
https://i.redd.it/d8021b5i2moy.jpg, ff, ff, ff
https://i.redd.it/cwljeujku33z.jpg, e9, e6, df
https://i.redd.it/fsuv32a1cc9y.jpg, ff, ff, ff
http://i.imgur.com/tyDhTll.jpg, 7, 7, 5
http://i.imgur.com/puEqa4C.jpg, 90, 8e, 9c
https://i.redd.it/ihczg3pmle3z.jpg, b0, b9, a8
https://i.redd.it/cpkq97klre4z.jpg, 77, 78, 68
http://i.imgur.com/RycdbMO.jpg, f0, f7, ff
https://i.redd.it/ftd3sx5ah13z.jpg, fd, fe, ff
https://i.redd.it/sn7ufk9fsv4z.jpg, cc, d1, d7
https://i.redd.it/7ofdqmp53bzy.jpg, 97, 8a, 6a
http://i.imgur.com/pt9rmrv.jpg, ff, ff, ff
https://i.redd.it/n9jq5j2tatcy.jpg, f3, ff, ff
http://i.imgur.com/6pnYQUv.jpg, 19, 1a, 1e
https://i.redd.it/0qow2dksb34z.jpg, ff, ff, ff
https://i.redd.it/rubsfuf64lvy.jpg, bb, b4, a2
https://i.redd.it/nrafqoujmety.jpg, 23, 21, 24
https://i.redd.it/c5pk0vnpg3ty.jpg, 6e, 81, cd
http://i.imgur.com/qvnjbVw.jpg, a9, ac, b5
http://i.imgur.com/enhDnTM.jpg, ff, ff, ff
https://i.imgur.com/HRgRMOw.jpg, a4, a3, a8
https://i.redd.it/ru12lvaf7jyy.jpg, 9d, 99, 96
https://i.redd.it/ax4eueu0szpy.jpg, 22, 27, 3a
https://i.redd.it/tb5pckm6e72y.jpg, b8, b6, aa
https://i.redd.it/guul6eld2soy.jpg, 6b, 7b, 94
https://i.redd.it/fyqzavufvjwy.jpg, dc, b0, 83
http://i.imgur.com/FApqk3D.jpg, ff, ff, ff
http://i.imgur.com/TKLs9lo.jpg, ff, ff, ff
http://i.imgur.com/Gh2I3pq.jpg, c7, b0, 9e
https://i.redd.it/m4cfqp8wfv5z.jpg, da, da, dc
https://i.redd.it/4m5yk8gjrtzy.jpg, 1, 1, 1
http://i.imgur.com/lcEUZHv.jpg, ff, ff, ff
https://i.redd.it/1nlgrn49x7ry.jpg, f, f, f
https://i.redd.it/xae65ypfqycy.jpg, f4, f4, f4
https://i.redd.it/w5q6gldnvcuy.jpg, f3, f3, f3
https://i.redd.it/s5viyluv421z.jpg, f5, ee, dc
https://i.redd.it/lsuw4p2ncyny.jpg, ff, ff, ff
http://i.imgur.com/M3NOzLC.jpg, ff, ff, ff
https://i.redd.it/h5t3qddvvzry.jpg, e, e, e
http://i.imgur.com/sXhEQez.jpg, ff, ff, ff
https://i.redd.it/cwljeujku33z.jpg, e9, e6, df
https://i.redd.it/d8021b5i2moy.jpg, ff, ff, ff
https://i.redd.it/fsuv32a1cc9y.jpg, ff, ff, ff
http://i.imgur.com/tyDhTll.jpg, 7, 7, 5
http://i.imgur.com/puEqa4C.jpg, 90, 8e, 9c
https://i.redd.it/ihczg3pmle3z.jpg, b0, b9, a8
https://i.redd.it/cpkq97klre4z.jpg, 77, 78, 68
http://i.imgur.com/RycdbMO.jpg, f0, f7, ff
https://i.redd.it/ftd3sx5ah13z.jpg, fd, fe, ff
https://i.redd.it/7ofdqmp53bzy.jpg, 97, 8a, 6a
https://i.redd.it/n9jq5j2tatcy.jpg, f3, ff, ff
https://i.redd.it/sn7ufk9fsv4z.jpg, cc, d1, d7
http://i.imgur.com/pt9rmrv.jpg, ff, ff, ff
http://i.imgur.com/6pnYQUv.jpg, 19, 1a, 1e
https://i.redd.it/0qow2dksb34z.jpg, ff, ff, ff
https://i.redd.it/rubsfuf64lvy.jpg, bb, b4, a2
https://i.imgur.com/HRgRMOw.jpg, a4, a3, a8
https://i.redd.it/c5pk0vnpg3ty.jpg, 6e, 81, cd
https://i.redd.it/nrafqoujmety.jpg, 23, 21, 24
http://i.imgur.com/qvnjbVw.jpg, a9, ac, b5
https://i.redd.it/ru12lvaf7jyy.jpg, 9d, 99, 96
https://i.redd.it/ax4eueu0szpy.jpg, 22, 27, 3a
https://i.redd.it/guul6eld2soy.jpg, 6b, 7b, 94
http://i.imgur.com/enhDnTM.jpg, ff, ff, ff
https://i.redd.it/tb5pckm6e72y.jpg, b8, b6, aa
https://i.redd.it/fyqzavufvjwy.jpg, dc, b0, 83
http://i.imgur.com/FApqk3D.jpg, ff, ff, ff
http://i.imgur.com/TKLs9lo.jpg, ff, ff, ff
https://i.redd.it/m4cfqp8wfv5z.jpg, da, da, dc
http://i.imgur.com/Gh2I3pq.jpg, c7, b0, 9e
https://i.redd.it/4m5yk8gjrtzy.jpg, 1, 1, 1
http://i.imgur.com/lcEUZHv.jpg, ff, ff, ff
https://i.redd.it/xae65ypfqycy.jpg, f4, f4, f4
https://i.redd.it/1nlgrn49x7ry.jpg, f, f, f
https://i.redd.it/w5q6gldnvcuy.jpg, f3, f3, f3
https://i.redd.it/s5viyluv421z.jpg, f5, ee, dc
http://i.imgur.com/M3NOzLC.jpg, ff, ff, ff
https://i.redd.it/h5t3qddvvzry.jpg, e, e, e
https://i.redd.it/lsuw4p2ncyny.jpg, ff, ff, ff
http://i.imgur.com/sXhEQez.jpg, ff, ff, ff
https://i.redd.it/d8021b5i2moy.jpg, ff, ff, ff
https://i.redd.it/fsuv32a1cc9y.jpg, ff, ff, ff
https://i.redd.it/cwljeujku33z.jpg, e9, e6, df
http://i.imgur.com/tyDhTll.jpg, 7, 7, 5
http://i.imgur.com/puEqa4C.jpg, 90, 8e, 9c
https://i.redd.it/ihczg3pmle3z.jpg, b0, b9, a8
https://i.redd.it/cpkq97klre4z.jpg, 77, 78, 68
http://i.imgur.com/RycdbMO.jpg, f0, f7, ff
https://i.redd.it/ftd3sx5ah13z.jpg, fd, fe, ff
https://i.redd.it/7ofdqmp53bzy.jpg, 97, 8a, 6a
https://i.redd.it/n9jq5j2tatcy.jpg, f3, ff, ff
https://i.redd.it/sn7ufk9fsv4z.jpg, cc, d1, d7
http://i.imgur.com/pt9rmrv.jpg, ff, ff, ff
https://i.redd.it/0qow2dksb34z.jpg, ff, ff, ff
http://i.imgur.com/6pnYQUv.jpg, 19, 1a, 1e
https://i.redd.it/rubsfuf64lvy.jpg, bb, b4, a2
https://i.redd.it/nrafqoujmety.jpg, 23, 21, 24
https://i.redd.it/ru12lvaf7jyy.jpg, 9d, 99, 96
https://i.redd.it/c5pk0vnpg3ty.jpg, 6e, 81, cd
https://i.redd.it/ax4eueu0szpy.jpg, 22, 27, 3a
https://i.imgur.com/HRgRMOw.jpg, a4, a3, a8
https://i.redd.it/guul6eld2soy.jpg, 6b, 7b, 94
http://i.imgur.com/qvnjbVw.jpg, a9, ac, b5
https://i.redd.it/tb5pckm6e72y.jpg, b8, b6, aa
https://i.redd.it/fyqzavufvjwy.jpg, dc, b0, 83
https://i.redd.it/m4cfqp8wfv5z.jpg, da, da, dc
http://i.imgur.com/Gh2I3pq.jpg, c7, b0, 9e
http://i.imgur.com/FApqk3D.jpg, ff, ff, ff
http://i.imgur.com/TKLs9lo.jpg, ff, ff, ff
https://i.redd.it/4m5yk8gjrtzy.jpg, 1, 1, 1
https://i.redd.it/xae65ypfqycy.jpg, f4, f4, f4
http://i.imgur.com/lcEUZHv.jpg, ff, ff, ff
https://i.redd.it/1nlgrn49x7ry.jpg, f, f, f
https://i.redd.it/lsuw4p2ncyny.jpg, ff, ff, ff
https://i.redd.it/w5q6gldnvcuy.jpg, f3, f3, f3
https://i.redd.it/s5viyluv421z.jpg, f5, ee, dc
https://i.redd.it/h5t3qddvvzry.jpg, e, e, e
http://i.imgur.com/M3NOzLC.jpg, ff, ff, ff
http://i.imgur.com/enhDnTM.jpg, ff, ff, ff
http://i.imgur.com/sXhEQez.jpg, ff, ff, ff
https://i.redd.it/cwljeujku33z.jpg, e9, e6, df
https://i.redd.it/fsuv32a1cc9y.jpg, ff, ff, ff
https://i.redd.it/d8021b5i2moy.jpg, ff, ff, ff
http://i.imgur.com/tyDhTll.jpg, 7, 7, 5
http://i.imgur.com/puEqa4C.jpg, 90, 8e, 9c
https://i.redd.it/ihczg3pmle3z.jpg, b0, b9, a8
https://i.redd.it/cpkq97klre4z.jpg, 77, 78, 68
http://i.imgur.com/RycdbMO.jpg, f0, f7, ff
https://i.redd.it/ftd3sx5ah13z.jpg, fd, fe, ff
https://i.redd.it/7ofdqmp53bzy.jpg, 97, 8a, 6a
https://i.redd.it/sn7ufk9fsv4z.jpg, cc, d1, d7
https://i.redd.it/n9jq5j2tatcy.jpg, f3, ff, ff
http://i.imgur.com/pt9rmrv.jpg, ff, ff, ff
http://i.imgur.com/6pnYQUv.jpg, 19, 1a, 1e
https://i.redd.it/0qow2dksb34z.jpg, ff, ff, ff
https://i.redd.it/rubsfuf64lvy.jpg, bb, b4, a2
https://i.redd.it/nrafqoujmety.jpg, 23, 21, 24
https://i.redd.it/c5pk0vnpg3ty.jpg, 6e, 81, cd
https://i.redd.it/ru12lvaf7jyy.jpg, 9d, 99, 96
http://i.imgur.com/qvnjbVw.jpg, a9, ac, b5
https://i.imgur.com/HRgRMOw.jpg, a4, a3, a8
https://i.redd.it/ax4eueu0szpy.jpg, 22, 27, 3a
https://i.redd.it/guul6eld2soy.jpg, 6b, 7b, 94
https://i.redd.it/tb5pckm6e72y.jpg, b8, b6, aa
https://i.redd.it/fyqzavufvjwy.jpg, dc, b0, 83
http://i.imgur.com/enhDnTM.jpg, ff, ff, ff
https://i.redd.it/m4cfqp8wfv5z.jpg, da, da, dc
http://i.imgur.com/TKLs9lo.jpg, ff, ff, ff
http://i.imgur.com/FApqk3D.jpg, ff, ff, ff
http://i.imgur.com/Gh2I3pq.jpg, c7, b0, 9e
https://i.redd.it/4m5yk8gjrtzy.jpg, 1, 1, 1
https://i.redd.it/xae65ypfqycy.jpg, f4, f4, f4
https://i.redd.it/1nlgrn49x7ry.jpg, f, f, f
http://i.imgur.com/lcEUZHv.jpg, ff, ff, ff
https://i.redd.it/w5q6gldnvcuy.jpg, f3, f3, f3
https://i.redd.it/s5viyluv421z.jpg, f5, ee, dc
https://i.redd.it/lsuw4p2ncyny.jpg, ff, ff, ff
https://i.redd.it/h5t3qddvvzry.jpg, e, e, e
http://i.imgur.com/M3NOzLC.jpg, ff, ff, ff
http://i.imgur.com/sXhEQez.jpg, ff, ff, ff
https://i.redd.it/cwljeujku33z.jpg, e9, e6, df
https://i.redd.it/fsuv32a1cc9y.jpg, ff, ff, ff
https://i.redd.it/d8021b5i2moy.jpg, ff, ff, ff
http://i.imgur.com/tyDhTll.jpg, 7, 7, 5
http://i.imgur.com/puEqa4C.jpg, 90, 8e, 9c
https://i.redd.it/ihczg3pmle3z.jpg, b0, b9, a8
https://i.redd.it/cpkq97klre4z.jpg, 77, 78, 68
https://i.redd.it/ftd3sx5ah13z.jpg, fd, fe, ff
http://i.imgur.com/RycdbMO.jpg, f0, f7, ff
https://i.redd.it/7ofdqmp53bzy.jpg, 97, 8a, 6a
https://i.redd.it/n9jq5j2tatcy.jpg, f3, ff, ff
https://i.redd.it/sn7ufk9fsv4z.jpg, cc, d1, d7
https://i.redd.it/0qow2dksb34z.jpg, ff, ff, ff
http://i.imgur.com/pt9rmrv.jpg, ff, ff, ff
https://i.redd.it/rubsfuf64lvy.jpg, bb, b4, a2
http://i.imgur.com/6pnYQUv.jpg, 19, 1a, 1e
https://i.redd.it/ru12lvaf7jyy.jpg, 9d, 99, 96
https://i.redd.it/c5pk0vnpg3ty.jpg, 6e, 81, cd
https://i.redd.it/nrafqoujmety.jpg, 23, 21, 24
http://i.imgur.com/qvnjbVw.jpg, a9, ac, b5
https://i.redd.it/ax4eueu0szpy.jpg, 22, 27, 3a
https://i.imgur.com/HRgRMOw.jpg, a4, a3, a8
https://i.redd.it/guul6eld2soy.jpg, 6b, 7b, 94
https://i.redd.it/tb5pckm6e72y.jpg, b8, b6, aa
https://i.redd.it/fyqzavufvjwy.jpg, dc, b0, 83
https://i.redd.it/m4cfqp8wfv5z.jpg, da, da, dc
http://i.imgur.com/Gh2I3pq.jpg, c7, b0, 9e
http://i.imgur.com/enhDnTM.jpg, ff, ff, ff
http://i.imgur.com/FApqk3D.jpg, ff, ff, ff
https://i.redd.it/4m5yk8gjrtzy.jpg, 1, 1, 1
http://i.imgur.com/TKLs9lo.jpg, ff, ff, ff
http://i.imgur.com/lcEUZHv.jpg, ff, ff, ff
https://i.redd.it/1nlgrn49x7ry.jpg, f, f, f
https://i.redd.it/xae65ypfqycy.jpg, f4, f4, f4
https://i.redd.it/w5q6gldnvcuy.jpg, f3, f3, f3
https://i.redd.it/s5viyluv421z.jpg, f5, ee, dc
http://i.imgur.com/M3NOzLC.jpg, ff, ff, ff
https://i.redd.it/lsuw4p2ncyny.jpg, ff, ff, ff
https://i.redd.it/h5t3qddvvzry.jpg, e, e, e
http://i.imgur.com/sXhEQez.jpg, ff, ff, ff
https://i.redd.it/cwljeujku33z.jpg, e9, e6, df
https://i.redd.it/fsuv32a1cc9y.jpg, ff, ff, ff
https://i.redd.it/d8021b5i2moy.jpg, ff, ff, ff
http://i.imgur.com/tyDhTll.jpg, 7, 7, 5
http://i.imgur.com/puEqa4C.jpg, 90, 8e, 9c
https://i.redd.it/ihczg3pmle3z.jpg, b0, b9, a8
https://i.redd.it/cpkq97klre4z.jpg, 77, 78, 68
https://i.redd.it/ftd3sx5ah13z.jpg, fd, fe, ff
http://i.imgur.com/RycdbMO.jpg, f0, f7, ff
https://i.redd.it/7ofdqmp53bzy.jpg, 97, 8a, 6a
https://i.redd.it/sn7ufk9fsv4z.jpg, cc, d1, d7
https://i.redd.it/n9jq5j2tatcy.jpg, f3, ff, ff
https://i.redd.it/0qow2dksb34z.jpg, ff, ff, ff
http://i.imgur.com/pt9rmrv.jpg, ff, ff, ff
https://i.redd.it/rubsfuf64lvy.jpg, bb, b4, a2
http://i.imgur.com/6pnYQUv.jpg, 19, 1a, 1e
https://i.redd.it/ru12lvaf7jyy.jpg, 9d, 99, 96
https://i.redd.it/nrafqoujmety.jpg, 23, 21, 24
https://i.redd.it/c5pk0vnpg3ty.jpg, 6e, 81, cd
http://i.imgur.com/qvnjbVw.jpg, a9, ac, b5
https://i.redd.it/ax4eueu0szpy.jpg, 22, 27, 3a
https://i.imgur.com/HRgRMOw.jpg, a4, a3, a8
https://i.redd.it/guul6eld2soy.jpg, 6b, 7b, 94
http://i.imgur.com/enhDnTM.jpg, ff, ff, ff
https://i.redd.it/tb5pckm6e72y.jpg, b8, b6, aa
https://i.redd.it/fyqzavufvjwy.jpg, dc, b0, 83
https://i.redd.it/m4cfqp8wfv5z.jpg, da, da, dc
http://i.imgur.com/FApqk3D.jpg, ff, ff, ff
http://i.imgur.com/TKLs9lo.jpg, ff, ff, ff
https://i.redd.it/4m5yk8gjrtzy.jpg, 1, 1, 1
https://i.redd.it/xae65ypfqycy.jpg, f4, f4, f4
https://i.redd.it/lsuw4p2ncyny.jpg, ff, ff, ff
https://i.redd.it/1nlgrn49x7ry.jpg, f, f, f
https://i.redd.it/d8021b5i2moy.jpg, ff, ff, ff
https://i.redd.it/w5q6gldnvcuy.jpg, f3, f3, f3
https://i.redd.it/s5viyluv421z.jpg, f5, ee, dc
https://i.redd.it/h5t3qddvvzry.jpg, e, e, e
http://i.imgur.com/lcEUZHv.jpg, ff, ff, ff
http://i.imgur.com/Gh2I3pq.jpg, c7, b0, 9e
http://i.imgur.com/M3NOzLC.jpg, ff, ff, ff
http://i.imgur.com/sXhEQez.jpg, ff, ff, ff
https://i.redd.it/fsuv32a1cc9y.jpg, ff, ff, ff
https://i.redd.it/cwljeujku33z.jpg, e9, e6, df
https://i.redd.it/7ofdqmp53bzy.jpg, 97, 8a, 6a
https://i.redd.it/ftd3sx5ah13z.jpg, fd, fe, ff
https://i.redd.it/ihczg3pmle3z.jpg, b0, b9, a8
https://i.redd.it/cpkq97klre4z.jpg, 77, 78, 68
http://i.imgur.com/tyDhTll.jpg, 7, 7, 5
http://i.imgur.com/puEqa4C.jpg, 90, 8e, 9c
https://i.redd.it/n9jq5j2tatcy.jpg, f3, ff, ff
https://i.redd.it/sn7ufk9fsv4z.jpg, cc, d1, d7
http://i.imgur.com/RycdbMO.jpg, f0, f7, ff
https://i.redd.it/0qow2dksb34z.jpg, ff, ff, ff
https://i.imgur.com/HRgRMOw.jpg, a4, a3, a8
http://i.imgur.com/pt9rmrv.jpg, ff, ff, ff
https://i.redd.it/rubsfuf64lvy.jpg, bb, b4, a2
https://i.redd.it/nrafqoujmety.jpg, 23, 21, 24
https://i.redd.it/ru12lvaf7jyy.jpg, 9d, 99, 96
https://i.redd.it/c5pk0vnpg3ty.jpg, 6e, 81, cd
http://i.imgur.com/6pnYQUv.jpg, 19, 1a, 1e
http://i.imgur.com/qvnjbVw.jpg, a9, ac, b5
https://i.redd.it/ax4eueu0szpy.jpg, 22, 27, 3a
https://i.redd.it/guul6eld2soy.jpg, 6b, 7b, 94
https://i.redd.it/tb5pckm6e72y.jpg, b8, b6, aa
https://i.redd.it/fyqzavufvjwy.jpg, dc, b0, 83
https://i.redd.it/m4cfqp8wfv5z.jpg, da, da, dc
https://i.redd.it/lsuw4p2ncyny.jpg, ff, ff, ff
http://i.imgur.com/FApqk3D.jpg, ff, ff, ff
http://i.imgur.com/TKLs9lo.jpg, ff, ff, ff
https://i.redd.it/4m5yk8gjrtzy.jpg, 1, 1, 1
http://i.imgur.com/Gh2I3pq.jpg, c7, b0, 9e
https://i.redd.it/xae65ypfqycy.jpg, f4, f4, f4
https://i.redd.it/1nlgrn49x7ry.jpg, f, f, f
http://i.imgur.com/lcEUZHv.jpg, ff, ff, ff
http://i.imgur.com/enhDnTM.jpg, ff, ff, ff
https://i.redd.it/s5viyluv421z.jpg, f5, ee, dc
https://i.redd.it/w5q6gldnvcuy.jpg, f3, f3, f3
https://i.redd.it/h5t3qddvvzry.jpg, e, e, e
http://i.imgur.com/M3NOzLC.jpg, ff, ff, ff
http://i.imgur.com/sXhEQez.jpg, ff, ff, ff
https://i.redd.it/cwljeujku33z.jpg, e9, e6, df
https://i.redd.it/d8021b5i2moy.jpg, ff, ff, ff
https://i.redd.it/fsuv32a1cc9y.jpg, ff, ff, ff
http://i.imgur.com/tyDhTll.jpg, 7, 7, 5
http://i.imgur.com/puEqa4C.jpg, 90, 8e, 9c
https://i.redd.it/ihczg3pmle3z.jpg, b0, b9, a8
https://i.redd.it/cpkq97klre4z.jpg, 77, 78, 68
http://i.imgur.com/RycdbMO.jpg, f0, f7, ff
https://i.redd.it/ftd3sx5ah13z.jpg, fd, fe, ff
https://i.redd.it/7ofdqmp53bzy.jpg, 97, 8a, 6a
https://i.redd.it/n9jq5j2tatcy.jpg, f3, ff, ff
https://i.redd.it/sn7ufk9fsv4z.jpg, cc, d1, d7
https://i.redd.it/0qow2dksb34z.jpg, ff, ff, ff
https://i.imgur.com/HRgRMOw.jpg, a4, a3, a8
http://i.imgur.com/pt9rmrv.jpg, ff, ff, ff
https://i.redd.it/rubsfuf64lvy.jpg, bb, b4, a2
https://i.redd.it/nrafqoujmety.jpg, 23, 21, 24
https://i.redd.it/ru12lvaf7jyy.jpg, 9d, 99, 96
https://i.redd.it/c5pk0vnpg3ty.jpg, 6e, 81, cd
http://i.imgur.com/6pnYQUv.jpg, 19, 1a, 1e
https://i.redd.it/ax4eueu0szpy.jpg, 22, 27, 3a
http://i.imgur.com/qvnjbVw.jpg, a9, ac, b5
https://i.redd.it/guul6eld2soy.jpg, 6b, 7b, 94
https://i.redd.it/tb5pckm6e72y.jpg, b8, b6, aa
https://i.redd.it/fyqzavufvjwy.jpg, dc, b0, 83
https://i.redd.it/m4cfqp8wfv5z.jpg, da, da, dc
http://i.imgur.com/FApqk3D.jpg, ff, ff, ff
http://i.imgur.com/TKLs9lo.jpg, ff, ff, ff
https://i.redd.it/lsuw4p2ncyny.jpg, ff, ff, ff
https://i.redd.it/4m5yk8gjrtzy.jpg, 1, 1, 1
http://i.imgur.com/Gh2I3pq.jpg, c7, b0, 9e
http://i.imgur.com/enhDnTM.jpg, ff, ff, ff
https://i.redd.it/xae65ypfqycy.jpg, f4, f4, f4
https://i.redd.it/1nlgrn49x7ry.jpg, f, f, f
http://i.imgur.com/lcEUZHv.jpg, ff, ff, ff
https://i.redd.it/s5viyluv421z.jpg, f5, ee, dc
https://i.redd.it/w5q6gldnvcuy.jpg, f3, f3, f3
https://i.redd.it/h5t3qddvvzry.jpg, e, e, e
http://i.imgur.com/M3NOzLC.jpg, ff, ff, ff
http://i.imgur.com/sXhEQez.jpg, ff, ff, ff
https://i.redd.it/cwljeujku33z.jpg, e9, e6, df
https://i.redd.it/fsuv32a1cc9y.jpg, ff, ff, ff
https://i.redd.it/d8021b5i2moy.jpg, ff, ff, ff
http://i.imgur.com/tyDhTll.jpg, 7, 7, 5
http://i.imgur.com/puEqa4C.jpg, 90, 8e, 9c
https://i.redd.it/ihczg3pmle3z.jpg, b0, b9, a8
https://i.redd.it/cpkq97klre4z.jpg, 77, 78, 68
https://i.redd.it/ftd3sx5ah13z.jpg, fd, fe, ff
http://i.imgur.com/RycdbMO.jpg, f0, f7, ff
https://i.redd.it/7ofdqmp53bzy.jpg, 97, 8a, 6a
https://i.redd.it/sn7ufk9fsv4z.jpg, cc, d1, d7
https://i.redd.it/n9jq5j2tatcy.jpg, f3, ff, ff
https://i.redd.it/0qow2dksb34z.jpg, ff, ff, ff
http://i.imgur.com/pt9rmrv.jpg, ff, ff, ff
https://i.redd.it/rubsfuf64lvy.jpg, bb, b4, a2
http://i.imgur.com/6pnYQUv.jpg, 19, 1a, 1e
https://i.redd.it/nrafqoujmety.jpg, 23, 21, 24
https://i.redd.it/ru12lvaf7jyy.jpg, 9d, 99, 96
https://i.redd.it/c5pk0vnpg3ty.jpg, 6e, 81, cd
http://i.imgur.com/qvnjbVw.jpg, a9, ac, b5
https://i.redd.it/ax4eueu0szpy.jpg, 22, 27, 3a
https://i.imgur.com/HRgRMOw.jpg, a4, a3, a8
https://i.redd.it/guul6eld2soy.jpg, 6b, 7b, 94
https://i.redd.it/tb5pckm6e72y.jpg, b8, b6, aa
https://i.redd.it/fyqzavufvjwy.jpg, dc, b0, 83
https://i.redd.it/m4cfqp8wfv5z.jpg, da, da, dc
http://i.imgur.com/Gh2I3pq.jpg, c7, b0, 9e
http://i.imgur.com/enhDnTM.jpg, ff, ff, ff
http://i.imgur.com/FApqk3D.jpg, ff, ff, ff
http://i.imgur.com/TKLs9lo.jpg, ff, ff, ff
https://i.redd.it/4m5yk8gjrtzy.jpg, 1, 1, 1
http://i.imgur.com/lcEUZHv.jpg, ff, ff, ff
https://i.redd.it/1nlgrn49x7ry.jpg, f, f, f
https://i.redd.it/xae65ypfqycy.jpg, f4, f4, f4
https://i.redd.it/w5q6gldnvcuy.jpg, f3, f3, f3
https://i.redd.it/s5viyluv421z.jpg, f5, ee, dc
https://i.redd.it/h5t3qddvvzry.jpg, e, e, e
http://i.imgur.com/M3NOzLC.jpg, ff, ff, ff
https://i.redd.it/lsuw4p2ncyny.jpg, ff, ff, ff
http://i.imgur.com/sXhEQez.jpg, ff, ff, ff
https://i.redd.it/cwljeujku33z.jpg, e9, e6, df
https://i.redd.it/fsuv32a1cc9y.jpg, ff, ff, ff
https://i.redd.it/d8021b5i2moy.jpg, ff, ff, ff
http://i.imgur.com/tyDhTll.jpg, 7, 7, 5
http://i.imgur.com/puEqa4C.jpg, 90, 8e, 9c
https://i.redd.it/ihczg3pmle3z.jpg, b0, b9, a8
https://i.redd.it/cpkq97klre4z.jpg, 77, 78, 68
https://i.redd.it/ftd3sx5ah13z.jpg, fd, fe, ff
https://i.redd.it/7ofdqmp53bzy.jpg, 97, 8a, 6a
http://i.imgur.com/RycdbMO.jpg, f0, f7, ff
https://i.redd.it/n9jq5j2tatcy.jpg, f3, ff, ff
https://i.redd.it/sn7ufk9fsv4z.jpg, cc, d1, d7
https://i.redd.it/0qow2dksb34z.jpg, ff, ff, ff
http://i.imgur.com/pt9rmrv.jpg, ff, ff, ff
https://i.redd.it/rubsfuf64lvy.jpg, bb, b4, a2
http://i.imgur.com/6pnYQUv.jpg, 19, 1a, 1e
https://i.imgur.com/HRgRMOw.jpg, a4, a3, a8
https://i.redd.it/c5pk0vnpg3ty.jpg, 6e, 81, cd
https://i.redd.it/ru12lvaf7jyy.jpg, 9d, 99, 96
http://i.imgur.com/qvnjbVw.jpg, a9, ac, b5
https://i.redd.it/nrafqoujmety.jpg, 23, 21, 24
https://i.redd.it/ax4eueu0szpy.jpg, 22, 27, 3a
https://i.redd.it/guul6eld2soy.jpg, 6b, 7b, 94
https://i.redd.it/tb5pckm6e72y.jpg, b8, b6, aa
https://i.redd.it/fyqzavufvjwy.jpg, dc, b0, 83
https://i.redd.it/m4cfqp8wfv5z.jpg, da, da, dc
http://i.imgur.com/enhDnTM.jpg, ff, ff, ff
http://i.imgur.com/FApqk3D.jpg, ff, ff, ff
http://i.imgur.com/TKLs9lo.jpg, ff, ff, ff
http://i.imgur.com/Gh2I3pq.jpg, c7, b0, 9e
https://i.redd.it/4m5yk8gjrtzy.jpg, 1, 1, 1
http://i.imgur.com/lcEUZHv.jpg, ff, ff, ff
https://i.redd.it/1nlgrn49x7ry.jpg, f, f, f
https://i.redd.it/xae65ypfqycy.jpg, f4, f4, f4
https://i.redd.it/w5q6gldnvcuy.jpg, f3, f3, f3
https://i.redd.it/s5viyluv421z.jpg, f5, ee, dc
http://i.imgur.com/M3NOzLC.jpg, ff, ff, ff
https://i.redd.it/lsuw4p2ncyny.jpg, ff, ff, ff
https://i.redd.it/h5t3qddvvzry.jpg, e, e, e
http://i.imgur.com/sXhEQez.jpg, ff, ff, ff
https://i.redd.it/d8021b5i2moy.jpg, ff, ff, ff
https://i.redd.it/cwljeujku33z.jpg, e9, e6, df
https://i.redd.it/fsuv32a1cc9y.jpg, ff, ff, ff
http://i.imgur.com/tyDhTll.jpg, 7, 7, 5
http://i.imgur.com/puEqa4C.jpg, 90, 8e, 9c
https://i.redd.it/ihczg3pmle3z.jpg, b0, b9, a8
https://i.redd.it/cpkq97klre4z.jpg, 77, 78, 68
http://i.imgur.com/RycdbMO.jpg, f0, f7, ff
https://i.redd.it/7ofdqmp53bzy.jpg, 97, 8a, 6a
https://i.redd.it/ftd3sx5ah13z.jpg, fd, fe, ff
https://i.redd.it/n9jq5j2tatcy.jpg, f3, ff, ff
https://i.redd.it/sn7ufk9fsv4z.jpg, cc, d1, d7
https://i.redd.it/0qow2dksb34z.jpg, ff, ff, ff
https://i.imgur.com/HRgRMOw.jpg, a4, a3, a8
https://i.redd.it/rubsfuf64lvy.jpg, bb, b4, a2
https://i.redd.it/nrafqoujmety.jpg, 23, 21, 24
https://i.redd.it/ru12lvaf7jyy.jpg, 9d, 99, 96
https://i.redd.it/c5pk0vnpg3ty.jpg, 6e, 81, cd
http://i.imgur.com/pt9rmrv.jpg, ff, ff, ff
https://i.redd.it/ax4eueu0szpy.jpg, 22, 27, 3a
http://i.imgur.com/qvnjbVw.jpg, a9, ac, b5
http://i.imgur.com/6pnYQUv.jpg, 19, 1a, 1e
https://i.redd.it/guul6eld2soy.jpg, 6b, 7b, 94
https://i.redd.it/tb5pckm6e72y.jpg, b8, b6, aa
https://i.redd.it/fyqzavufvjwy.jpg, dc, b0, 83
https://i.redd.it/m4cfqp8wfv5z.jpg, da, da, dc
http://i.imgur.com/FApqk3D.jpg, ff, ff, ff
http://i.imgur.com/TKLs9lo.jpg, ff, ff, ff
http://i.imgur.com/Gh2I3pq.jpg, c7, b0, 9e
https://i.redd.it/4m5yk8gjrtzy.jpg, 1, 1, 1
https://i.redd.it/lsuw4p2ncyny.jpg, ff, ff, ff
http://i.imgur.com/lcEUZHv.jpg, ff, ff, ff
https://i.redd.it/1nlgrn49x7ry.jpg, f, f, f
https://i.redd.it/xae65ypfqycy.jpg, f4, f4, f4
http://i.imgur.com/enhDnTM.jpg, ff, ff, ff
https://i.redd.it/s5viyluv421z.jpg, f5, ee, dc
https://i.redd.it/w5q6gldnvcuy.jpg, f3, f3, f3
https://i.redd.it/h5t3qddvvzry.jpg, e, e, e
http://i.imgur.com/M3NOzLC.jpg, ff, ff, ff
http://i.imgur.com/sXhEQez.jpg, ff, ff, ff
https://i.redd.it/cwljeujku33z.jpg, e9, e6, df
https://i.redd.it/d8021b5i2moy.jpg, ff, ff, ff
https://i.redd.it/fsuv32a1cc9y.jpg, ff, ff, ff
http://i.imgur.com/tyDhTll.jpg, 7, 7, 5
http://i.imgur.com/puEqa4C.jpg, 90, 8e, 9c
https://i.redd.it/ihczg3pmle3z.jpg, b0, b9, a8
https://i.redd.it/cpkq97klre4z.jpg, 77, 78, 68
http://i.imgur.com/RycdbMO.jpg, f0, f7, ff
https://i.redd.it/7ofdqmp53bzy.jpg, 97, 8a, 6a
https://i.redd.it/ftd3sx5ah13z.jpg, fd, fe, ff
https://i.redd.it/sn7ufk9fsv4z.jpg, cc, d1, d7
https://i.redd.it/n9jq5j2tatcy.jpg, f3, ff, ff
https://i.redd.it/0qow2dksb34z.jpg, ff, ff, ff
http://i.imgur.com/pt9rmrv.jpg, ff, ff, ff
https://i.redd.it/rubsfuf64lvy.jpg, bb, b4, a2
http://i.imgur.com/6pnYQUv.jpg, 19, 1a, 1e
https://i.redd.it/ru12lvaf7jyy.jpg, 9d, 99, 96
https://i.redd.it/nrafqoujmety.jpg, 23, 21, 24
https://i.redd.it/c5pk0vnpg3ty.jpg, 6e, 81, cd
https://i.imgur.com/HRgRMOw.jpg, a4, a3, a8
http://i.imgur.com/qvnjbVw.jpg, a9, ac, b5
https://i.redd.it/ax4eueu0szpy.jpg, 22, 27, 3a
https://i.redd.it/guul6eld2soy.jpg, 6b, 7b, 94
https://i.redd.it/tb5pckm6e72y.jpg, b8, b6, aa
https://i.redd.it/fyqzavufvjwy.jpg, dc, b0, 83
http://i.imgur.com/Gh2I3pq.jpg, c7, b0, 9e
http://i.imgur.com/enhDnTM.jpg, ff, ff, ff
http://i.imgur.com/FApqk3D.jpg, ff, ff, ff
http://i.imgur.com/TKLs9lo.jpg, ff, ff, ff
https://i.redd.it/4m5yk8gjrtzy.jpg, 1, 1, 1
https://i.redd.it/lsuw4p2ncyny.jpg, ff, ff, ff
https://i.redd.it/xae65ypfqycy.jpg, f4, f4, f4
http://i.imgur.com/lcEUZHv.jpg, ff, ff, ff
https://i.redd.it/1nlgrn49x7ry.jpg, f, f, f
https://i.redd.it/w5q6gldnvcuy.jpg, f3, f3, f3
https://i.redd.it/s5viyluv421z.jpg, f5, ee, dc
https://i.redd.it/m4cfqp8wfv5z.jpg, da, da, dc
http://i.imgur.com/M3NOzLC.jpg, ff, ff, ff
https://i.redd.it/h5t3qddvvzry.jpg, e, e, e
http://i.imgur.com/sXhEQez.jpg, ff, ff, ff
https://i.redd.it/cwljeujku33z.jpg, e9, e6, df
https://i.redd.it/d8021b5i2moy.jpg, ff, ff, ff
https://i.redd.it/fsuv32a1cc9y.jpg, ff, ff, ff
http://i.imgur.com/tyDhTll.jpg, 7, 7, 5
http://i.imgur.com/puEqa4C.jpg, 90, 8e, 9c
https://i.redd.it/ihczg3pmle3z.jpg, b0, b9, a8
https://i.redd.it/cpkq97klre4z.jpg, 77, 78, 68
http://i.imgur.com/RycdbMO.jpg, f0, f7, ff
https://i.redd.it/ftd3sx5ah13z.jpg, fd, fe, ff
https://i.redd.it/7ofdqmp53bzy.jpg, 97, 8a, 6a
https://i.redd.it/n9jq5j2tatcy.jpg, f3, ff, ff
https://i.redd.it/sn7ufk9fsv4z.jpg, cc, d1, d7
http://i.imgur.com/pt9rmrv.jpg, ff, ff, ff
https://i.redd.it/0qow2dksb34z.jpg, ff, ff, ff
https://i.redd.it/rubsfuf64lvy.jpg, bb, b4, a2
http://i.imgur.com/6pnYQUv.jpg, 19, 1a, 1e
https://i.redd.it/ru12lvaf7jyy.jpg, 9d, 99, 96
https://i.imgur.com/HRgRMOw.jpg, a4, a3, a8
https://i.redd.it/c5pk0vnpg3ty.jpg, 6e, 81, cd
https://i.redd.it/nrafqoujmety.jpg, 23, 21, 24
http://i.imgur.com/qvnjbVw.jpg, a9, ac, b5
https://i.redd.it/ax4eueu0szpy.jpg, 22, 27, 3a
https://i.redd.it/guul6eld2soy.jpg, 6b, 7b, 94
https://i.redd.it/tb5pckm6e72y.jpg, b8, b6, aa
http://i.imgur.com/enhDnTM.jpg, ff, ff, ff
https://i.redd.it/fyqzavufvjwy.jpg, dc, b0, 83
http://i.imgur.com/FApqk3D.jpg, ff, ff, ff
http://i.imgur.com/TKLs9lo.jpg, ff, ff, ff
http://i.imgur.com/Gh2I3pq.jpg, c7, b0, 9e
https://i.redd.it/4m5yk8gjrtzy.jpg, 1, 1, 1
https://i.redd.it/m4cfqp8wfv5z.jpg, da, da, dc
http://i.imgur.com/lcEUZHv.jpg, ff, ff, ff
https://i.redd.it/xae65ypfqycy.jpg, f4, f4, f4
https://i.redd.it/1nlgrn49x7ry.jpg, f, f, f
https://i.redd.it/w5q6gldnvcuy.jpg, f3, f3, f3
https://i.redd.it/s5viyluv421z.jpg, f5, ee, dc
http://i.imgur.com/M3NOzLC.jpg, ff, ff, ff
https://i.redd.it/h5t3qddvvzry.jpg, e, e, e
https://i.redd.it/lsuw4p2ncyny.jpg, ff, ff, ff
http://i.imgur.com/sXhEQez.jpg, ff, ff, ff
https://i.redd.it/cwljeujku33z.jpg, e9, e6, df
https://i.redd.it/d8021b5i2moy.jpg, ff, ff, ff
https://i.redd.it/fsuv32a1cc9y.jpg, ff, ff, ff
http://i.imgur.com/tyDhTll.jpg, 7, 7, 5
http://i.imgur.com/puEqa4C.jpg, 90, 8e, 9c
https://i.redd.it/ihczg3pmle3z.jpg, b0, b9, a8
https://i.redd.it/cpkq97klre4z.jpg, 77, 78, 68
http://i.imgur.com/RycdbMO.jpg, f0, f7, ff
https://i.redd.it/7ofdqmp53bzy.jpg, 97, 8a, 6a
https://i.redd.it/ftd3sx5ah13z.jpg, fd, fe, ff
https://i.redd.it/sn7ufk9fsv4z.jpg, cc, d1, d7
https://i.redd.it/n9jq5j2tatcy.jpg, f3, ff, ff
http://i.imgur.com/pt9rmrv.jpg, ff, ff, ff
https://i.redd.it/0qow2dksb34z.jpg, ff, ff, ff
https://i.redd.it/rubsfuf64lvy.jpg, bb, b4, a2
http://i.imgur.com/6pnYQUv.jpg, 19, 1a, 1e
https://i.redd.it/nrafqoujmety.jpg, 23, 21, 24
https://i.redd.it/ru12lvaf7jyy.jpg, 9d, 99, 96
https://i.redd.it/c5pk0vnpg3ty.jpg, 6e, 81, cd
http://i.imgur.com/qvnjbVw.jpg, a9, ac, b5
https://i.imgur.com/HRgRMOw.jpg, a4, a3, a8
https://i.redd.it/ax4eueu0szpy.jpg, 22, 27, 3a
https://i.redd.it/guul6eld2soy.jpg, 6b, 7b, 94
https://i.redd.it/tb5pckm6e72y.jpg, b8, b6, aa
https://i.redd.it/fyqzavufvjwy.jpg, dc, b0, 83
http://i.imgur.com/enhDnTM.jpg, ff, ff, ff
http://i.imgur.com/FApqk3D.jpg, ff, ff, ff
http://i.imgur.com/TKLs9lo.jpg, ff, ff, ff
https://i.redd.it/m4cfqp8wfv5z.jpg, da, da, dc
http://i.imgur.com/Gh2I3pq.jpg, c7, b0, 9e
https://i.redd.it/4m5yk8gjrtzy.jpg, 1, 1, 1
http://i.imgur.com/lcEUZHv.jpg, ff, ff, ff
https://i.redd.it/1nlgrn49x7ry.jpg, f, f, f
https://i.redd.it/xae65ypfqycy.jpg, f4, f4, f4
https://i.redd.it/w5q6gldnvcuy.jpg, f3, f3, f3
https://i.redd.it/s5viyluv421z.jpg, f5, ee, dc
http://i.imgur.com/M3NOzLC.jpg, ff, ff, ff
https://i.redd.it/h5t3qddvvzry.jpg, e, e, e
https://i.redd.it/lsuw4p2ncyny.jpg, ff, ff, ff
http://i.imgur.com/sXhEQez.jpg, ff, ff, ff
https://i.redd.it/cwljeujku33z.jpg, e9, e6, df
https://i.redd.it/fsuv32a1cc9y.jpg, ff, ff, ff
https://i.redd.it/d8021b5i2moy.jpg, ff, ff, ff
http://i.imgur.com/tyDhTll.jpg, 7, 7, 5
http://i.imgur.com/puEqa4C.jpg, 90, 8e, 9c
https://i.redd.it/ihczg3pmle3z.jpg, b0, b9, a8
https://i.redd.it/cpkq97klre4z.jpg, 77, 78, 68
https://i.redd.it/ftd3sx5ah13z.jpg, fd, fe, ff
http://i.imgur.com/RycdbMO.jpg, f0, f7, ff
https://i.redd.it/7ofdqmp53bzy.jpg, 97, 8a, 6a
https://i.redd.it/n9jq5j2tatcy.jpg, f3, ff, ff
https://i.redd.it/sn7ufk9fsv4z.jpg, cc, d1, d7
http://i.imgur.com/pt9rmrv.jpg, ff, ff, ff
https://i.redd.it/0qow2dksb34z.jpg, ff, ff, ff
https://i.redd.it/rubsfuf64lvy.jpg, bb, b4, a2
http://i.imgur.com/6pnYQUv.jpg, 19, 1a, 1e
https://i.redd.it/ru12lvaf7jyy.jpg, 9d, 99, 96
https://i.redd.it/c5pk0vnpg3ty.jpg, 6e, 81, cd
https://i.redd.it/nrafqoujmety.jpg, 23, 21, 24
http://i.imgur.com/qvnjbVw.jpg, a9, ac, b5
https://i.imgur.com/HRgRMOw.jpg, a4, a3, a8
https://i.redd.it/ax4eueu0szpy.jpg, 22, 27, 3a
https://i.redd.it/guul6eld2soy.jpg, 6b, 7b, 94
https://i.redd.it/tb5pckm6e72y.jpg, b8, b6, aa
https://i.redd.it/fyqzavufvjwy.jpg, dc, b0, 83
http://i.imgur.com/enhDnTM.jpg, ff, ff, ff
http://i.imgur.com/FApqk3D.jpg, ff, ff, ff
http://i.imgur.com/TKLs9lo.jpg, ff, ff, ff
https://i.redd.it/m4cfqp8wfv5z.jpg, da, da, dc
http://i.imgur.com/Gh2I3pq.jpg, c7, b0, 9e
https://i.redd.it/4m5yk8gjrtzy.jpg, 1, 1, 1
http://i.imgur.com/lcEUZHv.jpg, ff, ff, ff
https://i.redd.it/1nlgrn49x7ry.jpg, f, f, f
https://i.redd.it/xae65ypfqycy.jpg, f4, f4, f4
https://i.redd.it/w5q6gldnvcuy.jpg, f3, f3, f3
https://i.redd.it/s5viyluv421z.jpg, f5, ee, dc
http://i.imgur.com/M3NOzLC.jpg, ff, ff, ff
https://i.redd.it/h5t3qddvvzry.jpg, e, e, e
https://i.redd.it/lsuw4p2ncyny.jpg, ff, ff, ff
http://i.imgur.com/sXhEQez.jpg, ff, ff, ff
https://i.redd.it/cwljeujku33z.jpg, e9, e6, df
https://i.redd.it/fsuv32a1cc9y.jpg, ff, ff, ff
https://i.redd.it/d8021b5i2moy.jpg, ff, ff, ff
http://i.imgur.com/tyDhTll.jpg, 7, 7, 5
http://i.imgur.com/puEqa4C.jpg, 90, 8e, 9c
https://i.redd.it/ihczg3pmle3z.jpg, b0, b9, a8
https://i.redd.it/cpkq97klre4z.jpg, 77, 78, 68
https://i.redd.it/ftd3sx5ah13z.jpg, fd, fe, ff
http://i.imgur.com/RycdbMO.jpg, f0, f7, ff
https://i.redd.it/7ofdqmp53bzy.jpg, 97, 8a, 6a
https://i.redd.it/n9jq5j2tatcy.jpg, f3, ff, ff
https://i.redd.it/sn7ufk9fsv4z.jpg, cc, d1, d7
http://i.imgur.com/pt9rmrv.jpg, ff, ff, ff
https://i.redd.it/0qow2dksb34z.jpg, ff, ff, ff
http://i.imgur.com/6pnYQUv.jpg, 19, 1a, 1e
https://i.redd.it/rubsfuf64lvy.jpg, bb, b4, a2
https://i.redd.it/ru12lvaf7jyy.jpg, 9d, 99, 96
https://i.redd.it/c5pk0vnpg3ty.jpg, 6e, 81, cd
http://i.imgur.com/enhDnTM.jpg, ff, ff, ff
http://i.imgur.com/qvnjbVw.jpg, a9, ac, b5
https://i.redd.it/ax4eueu0szpy.jpg, 22, 27, 3a
https://i.redd.it/nrafqoujmety.jpg, 23, 21, 24
https://i.redd.it/guul6eld2soy.jpg, 6b, 7b, 94
https://i.imgur.com/HRgRMOw.jpg, a4, a3, a8
https://i.redd.it/tb5pckm6e72y.jpg, b8, b6, aa
https://i.redd.it/fyqzavufvjwy.jpg, dc, b0, 83
http://i.imgur.com/FApqk3D.jpg, ff, ff, ff
http://i.imgur.com/TKLs9lo.jpg, ff, ff, ff
http://i.imgur.com/Gh2I3pq.jpg, c7, b0, 9e
https://i.redd.it/4m5yk8gjrtzy.jpg, 1, 1, 1
https://i.redd.it/m4cfqp8wfv5z.jpg, da, da, dc
http://i.imgur.com/lcEUZHv.jpg, ff, ff, ff
https://i.redd.it/1nlgrn49x7ry.jpg, f, f, f
https://i.redd.it/xae65ypfqycy.jpg, f4, f4, f4
https://i.redd.it/w5q6gldnvcuy.jpg, f3, f3, f3
https://i.redd.it/s5viyluv421z.jpg, f5, ee, dc
http://i.imgur.com/M3NOzLC.jpg, ff, ff, ff
https://i.redd.it/h5t3qddvvzry.jpg, e, e, e
https://i.redd.it/lsuw4p2ncyny.jpg, ff, ff, ff
http://i.imgur.com/sXhEQez.jpg, ff, ff, ff
https://i.redd.it/cwljeujku33z.jpg, e9, e6, df
https://i.redd.it/d8021b5i2moy.jpg, ff, ff, ff
https://i.redd.it/fsuv32a1cc9y.jpg, ff, ff, ff
http://i.imgur.com/tyDhTll.jpg, 7, 7, 5
http://i.imgur.com/puEqa4C.jpg, 90, 8e, 9c
https://i.redd.it/ihczg3pmle3z.jpg, b0, b9, a8
https://i.redd.it/cpkq97klre4z.jpg, 77, 78, 68
http://i.imgur.com/RycdbMO.jpg, f0, f7, ff
https://i.redd.it/ftd3sx5ah13z.jpg, fd, fe, ff
https://i.redd.it/7ofdqmp53bzy.jpg, 97, 8a, 6a
https://i.redd.it/sn7ufk9fsv4z.jpg, cc, d1, d7
https://i.redd.it/n9jq5j2tatcy.jpg, f3, ff, ff
http://i.imgur.com/pt9rmrv.jpg, ff, ff, ff
http://i.imgur.com/6pnYQUv.jpg, 19, 1a, 1e
https://i.redd.it/0qow2dksb34z.jpg, ff, ff, ff
https://i.redd.it/rubsfuf64lvy.jpg, bb, b4, a2
https://i.redd.it/nrafqoujmety.jpg, 23, 21, 24
https://i.redd.it/ru12lvaf7jyy.jpg, 9d, 99, 96
https://i.imgur.com/HRgRMOw.jpg, a4, a3, a8
https://i.redd.it/c5pk0vnpg3ty.jpg, 6e, 81, cd
http://i.imgur.com/qvnjbVw.jpg, a9, ac, b5
https://i.redd.it/ax4eueu0szpy.jpg, 22, 27, 3a
http://i.imgur.com/enhDnTM.jpg, ff, ff, ff
https://i.redd.it/guul6eld2soy.jpg, 6b, 7b, 94
https://i.redd.it/tb5pckm6e72y.jpg, b8, b6, aa
https://i.redd.it/fyqzavufvjwy.jpg, dc, b0, 83
http://i.imgur.com/FApqk3D.jpg, ff, ff, ff
http://i.imgur.com/TKLs9lo.jpg, ff, ff, ff
https://i.redd.it/m4cfqp8wfv5z.jpg, da, da, dc
http://i.imgur.com/Gh2I3pq.jpg, c7, b0, 9e
https://i.redd.it/4m5yk8gjrtzy.jpg, 1, 1, 1
http://i.imgur.com/lcEUZHv.jpg, ff, ff, ff
https://i.redd.it/1nlgrn49x7ry.jpg, f, f, f
https://i.redd.it/xae65ypfqycy.jpg, f4, f4, f4
https://i.redd.it/w5q6gldnvcuy.jpg, f3, f3, f3
https://i.redd.it/s5viyluv421z.jpg, f5, ee, dc
https://i.redd.it/lsuw4p2ncyny.jpg, ff, ff, ff
http://i.imgur.com/M3NOzLC.jpg, ff, ff, ff
https://i.redd.it/h5t3qddvvzry.jpg, e, e, e
http://i.imgur.com/sXhEQez.jpg, ff, ff, ff
https://i.redd.it/cwljeujku33z.jpg, e9, e6, df
https://i.redd.it/d8021b5i2moy.jpg, ff, ff, ff
https://i.redd.it/fsuv32a1cc9y.jpg, ff, ff, ff
http://i.imgur.com/tyDhTll.jpg, 7, 7, 5
http://i.imgur.com/puEqa4C.jpg, 90, 8e, 9c
https://i.redd.it/ihczg3pmle3z.jpg, b0, b9, a8
https://i.redd.it/cpkq97klre4z.jpg, 77, 78, 68
http://i.imgur.com/RycdbMO.jpg, f0, f7, ff
https://i.redd.it/ftd3sx5ah13z.jpg, fd, fe, ff
https://i.redd.it/sn7ufk9fsv4z.jpg, cc, d1, d7
https://i.redd.it/7ofdqmp53bzy.jpg, 97, 8a, 6a
https://i.redd.it/n9jq5j2tatcy.jpg, f3, ff, ff
http://i.imgur.com/pt9rmrv.jpg, ff, ff, ff
https://i.redd.it/0qow2dksb34z.jpg, ff, ff, ff
http://i.imgur.com/6pnYQUv.jpg, 19, 1a, 1e
https://i.redd.it/rubsfuf64lvy.jpg, bb, b4, a2
https://i.redd.it/nrafqoujmety.jpg, 23, 21, 24
https://i.redd.it/c5pk0vnpg3ty.jpg, 6e, 81, cd
https://i.redd.it/ru12lvaf7jyy.jpg, 9d, 99, 96
http://i.imgur.com/qvnjbVw.jpg, a9, ac, b5
https://i.redd.it/ax4eueu0szpy.jpg, 22, 27, 3a
https://i.imgur.com/HRgRMOw.jpg, a4, a3, a8
https://i.redd.it/guul6eld2soy.jpg, 6b, 7b, 94
https://i.redd.it/tb5pckm6e72y.jpg, b8, b6, aa
https://i.redd.it/fyqzavufvjwy.jpg, dc, b0, 83
http://i.imgur.com/enhDnTM.jpg, ff, ff, ff
http://i.imgur.com/Gh2I3pq.jpg, c7, b0, 9e
http://i.imgur.com/FApqk3D.jpg, ff, ff, ff
http://i.imgur.com/TKLs9lo.jpg, ff, ff, ff
https://i.redd.it/4m5yk8gjrtzy.jpg, 1, 1, 1
https://i.redd.it/m4cfqp8wfv5z.jpg, da, da, dc
http://i.imgur.com/lcEUZHv.jpg, ff, ff, ff
https://i.redd.it/1nlgrn49x7ry.jpg, f, f, f
https://i.redd.it/xae65ypfqycy.jpg, f4, f4, f4
https://i.redd.it/w5q6gldnvcuy.jpg, f3, f3, f3
https://i.redd.it/s5viyluv421z.jpg, f5, ee, dc
https://i.redd.it/h5t3qddvvzry.jpg, e, e, e
http://i.imgur.com/M3NOzLC.jpg, ff, ff, ff
https://i.redd.it/lsuw4p2ncyny.jpg, ff, ff, ff
http://i.imgur.com/sXhEQez.jpg, ff, ff, ff
https://i.redd.it/cwljeujku33z.jpg, e9, e6, df
https://i.redd.it/fsuv32a1cc9y.jpg, ff, ff, ff
https://i.redd.it/d8021b5i2moy.jpg, ff, ff, ff
http://i.imgur.com/tyDhTll.jpg, 7, 7, 5
http://i.imgur.com/puEqa4C.jpg, 90, 8e, 9c
https://i.redd.it/ihczg3pmle3z.jpg, b0, b9, a8
https://i.redd.it/cpkq97klre4z.jpg, 77, 78, 68
https://i.redd.it/ftd3sx5ah13z.jpg, fd, fe, ff
https://i.redd.it/7ofdqmp53bzy.jpg, 97, 8a, 6a
https://i.redd.it/sn7ufk9fsv4z.jpg, cc, d1, d7
http://i.imgur.com/RycdbMO.jpg, f0, f7, ff
https://i.redd.it/n9jq5j2tatcy.jpg, f3, ff, ff
http://i.imgur.com/pt9rmrv.jpg, ff, ff, ff
https://i.redd.it/0qow2dksb34z.jpg, ff, ff, ff
https://i.redd.it/rubsfuf64lvy.jpg, bb, b4, a2
http://i.imgur.com/6pnYQUv.jpg, 19, 1a, 1e
https://i.redd.it/ru12lvaf7jyy.jpg, 9d, 99, 96
https://i.redd.it/nrafqoujmety.jpg, 23, 21, 24
https://i.redd.it/c5pk0vnpg3ty.jpg, 6e, 81, cd
http://i.imgur.com/qvnjbVw.jpg, a9, ac, b5
https://i.redd.it/ax4eueu0szpy.jpg, 22, 27, 3a
https://i.imgur.com/HRgRMOw.jpg, a4, a3, a8
https://i.redd.it/guul6eld2soy.jpg, 6b, 7b, 94
https://i.redd.it/tb5pckm6e72y.jpg, b8, b6, aa
https://i.redd.it/fyqzavufvjwy.jpg, dc, b0, 83
http://i.imgur.com/enhDnTM.jpg, ff, ff, ff
http://i.imgur.com/FApqk3D.jpg, ff, ff, ff
http://i.imgur.com/Gh2I3pq.jpg, c7, b0, 9e
https://i.redd.it/m4cfqp8wfv5z.jpg, da, da, dc
http://i.imgur.com/TKLs9lo.jpg, ff, ff, ff
https://i.redd.it/4m5yk8gjrtzy.jpg, 1, 1, 1
http://i.imgur.com/lcEUZHv.jpg, ff, ff, ff
https://i.redd.it/1nlgrn49x7ry.jpg, f, f, f
https://i.redd.it/xae65ypfqycy.jpg, f4, f4, f4
https://i.redd.it/w5q6gldnvcuy.jpg, f3, f3, f3
https://i.redd.it/s5viyluv421z.jpg, f5, ee, dc
http://i.imgur.com/M3NOzLC.jpg, ff, ff, ff
https://i.redd.it/h5t3qddvvzry.jpg, e, e, e
https://i.redd.it/lsuw4p2ncyny.jpg, ff, ff, ff
http://i.imgur.com/sXhEQez.jpg, ff, ff, ff
https://i.redd.it/cwljeujku33z.jpg, e9, e6, df
https://i.redd.it/fsuv32a1cc9y.jpg, ff, ff, ff
https://i.redd.it/d8021b5i2moy.jpg, ff, ff, ff
http://i.imgur.com/tyDhTll.jpg, 7, 7, 5
http://i.imgur.com/puEqa4C.jpg, 90, 8e, 9c
https://i.redd.it/ihczg3pmle3z.jpg, b0, b9, a8
https://i.redd.it/cpkq97klre4z.jpg, 77, 78, 68
https://i.redd.it/ftd3sx5ah13z.jpg, fd, fe, ff
http://i.imgur.com/RycdbMO.jpg, f0, f7, ff
https://i.redd.it/7ofdqmp53bzy.jpg, 97, 8a, 6a
https://i.redd.it/sn7ufk9fsv4z.jpg, cc, d1, d7
https://i.redd.it/n9jq5j2tatcy.jpg, f3, ff, ff
http://i.imgur.com/pt9rmrv.jpg, ff, ff, ff
https://i.redd.it/0qow2dksb34z.jpg, ff, ff, ff
http://i.imgur.com/6pnYQUv.jpg, 19, 1a, 1e
https://i.redd.it/rubsfuf64lvy.jpg, bb, b4, a2
https://i.redd.it/nrafqoujmety.jpg, 23, 21, 24
https://i.redd.it/c5pk0vnpg3ty.jpg, 6e, 81, cd
https://i.redd.it/ru12lvaf7jyy.jpg, 9d, 99, 96
http://i.imgur.com/qvnjbVw.jpg, a9, ac, b5
https://i.redd.it/ax4eueu0szpy.jpg, 22, 27, 3a
https://i.imgur.com/HRgRMOw.jpg, a4, a3, a8
https://i.redd.it/guul6eld2soy.jpg, 6b, 7b, 94
https://i.redd.it/tb5pckm6e72y.jpg, b8, b6, aa
https://i.redd.it/fyqzavufvjwy.jpg, dc, b0, 83
http://i.imgur.com/enhDnTM.jpg, ff, ff, ff
http://i.imgur.com/FApqk3D.jpg, ff, ff, ff
http://i.imgur.com/TKLs9lo.jpg, ff, ff, ff
https://i.redd.it/m4cfqp8wfv5z.jpg, da, da, dc
https://i.redd.it/4m5yk8gjrtzy.jpg, 1, 1, 1
http://i.imgur.com/Gh2I3pq.jpg, c7, b0, 9e
http://i.imgur.com/lcEUZHv.jpg, ff, ff, ff
https://i.redd.it/1nlgrn49x7ry.jpg, f, f, f
https://i.redd.it/xae65ypfqycy.jpg, f4, f4, f4
https://i.redd.it/w5q6gldnvcuy.jpg, f3, f3, f3
https://i.redd.it/s5viyluv421z.jpg, f5, ee, dc
http://i.imgur.com/M3NOzLC.jpg, ff, ff, ff
https://i.redd.it/h5t3qddvvzry.jpg, e, e, e
https://i.redd.it/lsuw4p2ncyny.jpg, ff, ff, ff
http://i.imgur.com/sXhEQez.jpg, ff, ff, ff
https://i.redd.it/cwljeujku33z.jpg, e9, e6, df
https://i.redd.it/fsuv32a1cc9y.jpg, ff, ff, ff
https://i.redd.it/d8021b5i2moy.jpg, ff, ff, ff
http://i.imgur.com/tyDhTll.jpg, 7, 7, 5
http://i.imgur.com/puEqa4C.jpg, 90, 8e, 9c
https://i.redd.it/ihczg3pmle3z.jpg, b0, b9, a8
https://i.redd.it/cpkq97klre4z.jpg, 77, 78, 68
http://i.imgur.com/RycdbMO.jpg, f0, f7, ff
https://i.redd.it/ftd3sx5ah13z.jpg, fd, fe, ff
https://i.redd.it/7ofdqmp53bzy.jpg, 97, 8a, 6a
https://i.redd.it/n9jq5j2tatcy.jpg, f3, ff, ff
https://i.redd.it/sn7ufk9fsv4z.jpg, cc, d1, d7
http://i.imgur.com/pt9rmrv.jpg, ff, ff, ff
https://i.redd.it/0qow2dksb34z.jpg, ff, ff, ff
http://i.imgur.com/6pnYQUv.jpg, 19, 1a, 1e
https://i.redd.it/rubsfuf64lvy.jpg, bb, b4, a2
https://i.redd.it/nrafqoujmety.jpg, 23, 21, 24
https://i.redd.it/c5pk0vnpg3ty.jpg, 6e, 81, cd
https://i.redd.it/ru12lvaf7jyy.jpg, 9d, 99, 96
http://i.imgur.com/qvnjbVw.jpg, a9, ac, b5
https://i.imgur.com/HRgRMOw.jpg, a4, a3, a8
http://i.imgur.com/enhDnTM.jpg, ff, ff, ff
https://i.redd.it/ax4eueu0szpy.jpg, 22, 27, 3a
https://i.redd.it/tb5pckm6e72y.jpg, b8, b6, aa
https://i.redd.it/fyqzavufvjwy.jpg, dc, b0, 83
https://i.redd.it/guul6eld2soy.jpg, 6b, 7b, 94
http://i.imgur.com/FApqk3D.jpg, ff, ff, ff
http://i.imgur.com/TKLs9lo.jpg, ff, ff, ff
http://i.imgur.com/Gh2I3pq.jpg, c7, b0, 9e
https://i.redd.it/4m5yk8gjrtzy.jpg, 1, 1, 1
https://i.redd.it/m4cfqp8wfv5z.jpg, da, da, dc
http://i.imgur.com/lcEUZHv.jpg, ff, ff, ff
https://i.redd.it/1nlgrn49x7ry.jpg, f, f, f
https://i.redd.it/xae65ypfqycy.jpg, f4, f4, f4
https://i.redd.it/w5q6gldnvcuy.jpg, f3, f3, f3
https://i.redd.it/s5viyluv421z.jpg, f5, ee, dc
https://i.redd.it/lsuw4p2ncyny.jpg, ff, ff, ff
http://i.imgur.com/M3NOzLC.jpg, ff, ff, ff
https://i.redd.it/h5t3qddvvzry.jpg, e, e, e
http://i.imgur.com/sXhEQez.jpg, ff, ff, ff
https://i.redd.it/cwljeujku33z.jpg, e9, e6, df
https://i.redd.it/d8021b5i2moy.jpg, ff, ff, ff
https://i.redd.it/fsuv32a1cc9y.jpg, ff, ff, ff
http://i.imgur.com/tyDhTll.jpg, 7, 7, 5
http://i.imgur.com/puEqa4C.jpg, 90, 8e, 9c
https://i.redd.it/ihczg3pmle3z.jpg, b0, b9, a8
https://i.redd.it/cpkq97klre4z.jpg, 77, 78, 68
http://i.imgur.com/RycdbMO.jpg, f0, f7, ff
https://i.redd.it/ftd3sx5ah13z.jpg, fd, fe, ff
https://i.redd.it/7ofdqmp53bzy.jpg, 97, 8a, 6a
https://i.redd.it/sn7ufk9fsv4z.jpg, cc, d1, d7
https://i.redd.it/n9jq5j2tatcy.jpg, f3, ff, ff
http://i.imgur.com/pt9rmrv.jpg, ff, ff, ff
https://i.redd.it/0qow2dksb34z.jpg, ff, ff, ff
http://i.imgur.com/6pnYQUv.jpg, 19, 1a, 1e
https://i.redd.it/rubsfuf64lvy.jpg, bb, b4, a2
https://i.redd.it/nrafqoujmety.jpg, 23, 21, 24
https://i.redd.it/ru12lvaf7jyy.jpg, 9d, 99, 96
https://i.redd.it/c5pk0vnpg3ty.jpg, 6e, 81, cd
http://i.imgur.com/qvnjbVw.jpg, a9, ac, b5
https://i.imgur.com/HRgRMOw.jpg, a4, a3, a8
https://i.redd.it/ax4eueu0szpy.jpg, 22, 27, 3a
http://i.imgur.com/enhDnTM.jpg, ff, ff, ff
https://i.redd.it/tb5pckm6e72y.jpg, b8, b6, aa
https://i.redd.it/guul6eld2soy.jpg, 6b, 7b, 94
https://i.redd.it/fyqzavufvjwy.jpg, dc, b0, 83
http://i.imgur.com/Gh2I3pq.jpg, c7, b0, 9e
https://i.redd.it/m4cfqp8wfv5z.jpg, da, da, dc
https://i.redd.it/lsuw4p2ncyny.jpg, ff, ff, ff
